{
  "npmScope": "grid-live-data",
  "affected": {
    "defaultBase": "master"
  },
  "implicitDependencies": {
    "package.json": {
      "dependencies": "*",
      "devDependencies": "*"
    },
    ".eslintrc.json": "*"
  },
  "tasksRunnerOptions": {
    "default": {
      "runner": "nx/tasks-runners/default",
      "options": {
        "cacheableOperations": [
          "build",
          "lint",
          "test",
          "e2e"
        ]
      }
    }
  },
  "targetDependencies": {
    "build": [
      {
        "target": "build",
        "projects": "dependencies"
      }
    ]
  },
  "workspaceLayout": {
    "appsDir": "projects",
    "libsDir": "projects"
  },
  "defaultProject": "grid-live-data"
}
